{
  "title": "추가",
  "text": [
    { "text": "추가 수식어는 수식어 슬롯을 추가하는 무슬롯 수식어입니다." },
    {
      "text": "기본적으로 대부분의 작은 도구는 3개의 강화 슬롯이 있고, 대부분의 넓은 도구는 2개의 강화 슬롯이 있으며, 추가 수식어는 도구에 강화 슬롯을 추가할 수 있습니다",
      "paragraph": true
    },
    {
      "text": "또한, 대부분의 도구는 1개의 능력 슬롯이 있으며, 추가 수식어는 도구에 능력 슬롯을 추가할 수 있습니다.",
      "paragraph": true
    }
  ]
}
