{
  "tool": "tconstruct:excavator",
  "text": [
    { "text": "A Escavadora é uma ferramenta grande útil para escavação, muito efetiva na terra, cascalho, e areia em uma area de 3x3." },
    { "text": "Os expansores se alternam entre aumentar a largura e altura.", "paragraph": true }
  ],
  "properties": [
    "+1.5 Dano de Ataque",
    "120% Modificador de Ataque",
    "1.0 Velocidade de Ataque",
    "30% Modificador de Mineração",
    "375% Modificador de Durabilidade",
    "Repulsão II",
    "Faz Estradas"
  ]
}
