{
  "tool": "tconstruct:scythe",
  "text": [
    { "text": "A Foice é uma ferramenta grande muito útil para a colheita, ela é efetiva em plantas e em monstros numa area de 3x3x3." },
    { "text": "Os expansores se alternam entre largura/altura e profundidade, enquanto a seda garante  tosqueamento de todas as entidades.", "paragraph": true }
  ],
  "properties": [
    "+1 Dano de Ataque",
    "0.8 Velocidade de Ataque",
    "45% Modificador de Mineração",
    "250% Modificador de Durabilidade",
    "Ataca todas as entidades",
    "Cultiva Terra",
    "Colhe plantas"
  ]
}
