{
  "title": "Em Frente!",
  "text": [
    {
      "text": "Durante minha pesquisa sobre fabricação de ferramentas, Notei que vários autores criaram listas parciais de materiais, mas não havia uma lista completa. Isto significa que, para comparar corretamente todos os materiais, é necessário alternar entre vários livros. Este livro pretende resolver esse problema através da indexação de materiais conhecidos de vários livros diferentes em um único livro."
    },
    {
      "text": "Eu não poderia ter criado um livro tão grandioso sozinho. Este livro também inclui listas de materiais coletados por ambos Thruul M'Gon e Nemea. Só não diga a nenhum deles que eu falei com ambos.",
      "paragraph": true
    }
  ]
}
