{
  "tool": "tconstruct:cleaver",
  "text": [
    { "text": "클리버는 공격 피해가 높고, 속도가 느린 무기입니다." },
    { "text": "확장 수식어가 적용되면, 휩쓸기 공격의 범위가 증가하고, 비단결 수식어가 적용되면, 한꺼번에 양털을 깎을 수 있습니다.", "paragraph": true }
  ],
  "properties": [
    "+3.5 공격 피해",
    "150% 공격 수식어",
    "0.9 공격 속도",
    "+1 범위",
    "350% 내구도 수식어",
    "절단 II"
  ]
}
