{
  "tool": "tconstruct:excavator",
  "text": [
    { "text": "야전삽은 3x3 범위의 흙과 자갈, 모래에 효과적인 광범위한 굴착 도구입니다." },
    { "text": "확장 수식어가 적용되면, 범위의 깊이와 높이가 번갈아 증가합니다.", "paragraph": true }
  ],
  "properties": [
    "+1.5 공격 피해",
    "120% 공격 수식어",
    "1.0 공격 속도",
    "30% 채굴 속도 수식어",
    "375% 내구도 수식어",
    "밀치기 II",
    "길 파기"
  ]
}
