{
  "title": "도구 설명",
  "text": [
    { "text": "모든 넓은 도구는 팅커스 모루에서 만들 수 있습니다. 대부분 4개의 부품을 사용하며, 대부분의 넓은 도구는 1개의 능력 슬롯과 2개의 강화 슬롯이 있습니다." },
    { "text": "넓은 도구에는 비슷한 작은 도구와 같은 수식어를 포함한 추가 공격 피해가 있으며, 더 많은 특성이 있습니다. 또한, 많은 도구에는 공격 수식어와 비슷한 내구도 수식어나 채굴 속도 수식어가 있어, 일반적인 수식어를 포함한 도구의 능력치가 증가합니다. 마지막으로, 모든 넓은 도구에는 \"§l양손§r\" 특성이 있어 §o방지§r 같은 수식어를 적용하지 않는다면 넓은 도구를 사용할 때에는 주로 사용하지 않는 손을 사용할 수 없습니다.", "paragraph": true }
  ]
}
