{
  "tool": "tconstruct:scythe",
  "text": [
    { "text": "낫은 3x3 범위의 식물이나 몬스터에 효과적인 광범위한 수확 도구입니다." },
    { "text": "확장 수식어가 적용되면, 범위의 깊이와 높이가 번갈아 증가하고, 비단결 수식어가 적용되면, 한꺼번에 양털을 깎을 수 있습니다.", "paragraph": true }
  ],
  "properties": [
    "+1 공격 피해",
    "0.8 공격 속도",
    "45% 채굴 속도 수식어",
    "250% 내구도 수식어",
    "범위 공격",
    "경작",
    "식물 수확"
  ]
}
