{
  "tool": "tconstruct:vein_hammer",
  "text": [
    { "text": "광맥 망치는 최대 2블록만큼 떨어진 동일한 종류의 돌 블록을 한 번에 채굴할 수 있는 광범위한 채굴 도구입니다." },
    { "text": "확장 수식어가 적용되면, 블록의 최대 거리가 1만큼 증가합니다.", "paragraph": true }
  ],
  "properties": [
    "+3 공격 피해",
    "125% 공격 수식어",
    "1.1 공격 속도",
    "30% 채굴 속도 수식어",
    "500% 내구도 수식어",
    "꿰뚫기 II"
  ]
}
