{
  "modifier_id": "tconstruct:melee_protection",
  "text": [
    {
      "text": "좀비나 검, 낙하 같은 근접 피해에 대한 저항이 등급당 8%만큼 증가합니다. 착용한 모든 갑옷을 통틀어 총 80%, 10등급까지가 한계입니다."
    },
    {
      "text": "근접 피해는 폭발이나 화염, 마법, 발사체가 아닌 모든 피해로 정의되며 완전히 방어할 수는 없습니다.",
      "paragraph": true
    }
  ],
  "more_text_space": true,
  "effects": [
    "분할 적용",
    "1개의 수비 슬롯 사용"
  ]
}
