{
  "modifier_id": "tconstruct:projectile_protection",
  "text": [
    {
      "text": "스켈레톤의 화살 같은 발사체 피해에 대한 저항이 등급당 8%만큼 증가합니다. 착용한 모든 갑옷을 통틀어 총 80%, 10등급까지가 한계입니다."
    },
    {
      "text": "최고 등급 갑옷의 등급당 모든 몬스터의 시야가 5%만큼 감소합니다.", "paragraph": true
    }
  ],
  "more_text_space": true,
  "effects": [
    "분할 적용",
    "1개의 수비 슬롯 사용"
  ]
}
