{
  "title": "Forward",
  "text": [
    {
      "text": "During my research into tool making, I noticed several authors have created partial lists of materials but there was no one complete list. This means in order to properly compare all the materials, it is necessary to switch between several volumes. This book is intended to solve that problem by indexing known materials from several different volumes into a single book."
    },
    {
      "text": "I could not have created such a grand book alone. This book also includes lists of materials collected by both Thruul M'Gon and Nemea. Just don't tell either of them that I spoke with both of them.",
      "paragraph": true
    }
  ]
}
