{
  "title": "Habilidades de Interação",
  "text": [
    {
      "text": "As habilidades de interação mudam a maneira como a ferramenta interage com os blocos, entidades, e ate com o ar."
    },
    {
      "text": "Devido à sua natureza, elas irão muitas vezes entrar em conflito severo com outras habilidades de interação.",
      "paragraph": true
    },
    {
      "text": "Muitas habilidades de interação também funcionam em peitorais, exigindo uma mão vazia para ser usada. Elas podem ser usadas a partir da mão principal ou da mão secundária.",
      "paragraph": true
    }
  ]
}
