{
  "title": "갑옷 능력",
  "text": [
    { "text": "갑옷 강화는 일반적으로 한 종류의 갑옷에만 적용할 수 있습니다. 각각의 갑옷 종류는 다른 특별한 속성을 지닙니다." },
    { "text": "\n* 투구는 상호작용 키를 눌러, 능력을 사용할 수 있습니다." },
    { "text": "\n* 흉갑은 맨손으로 상호작용하여, 능력을 사용할 수 있습니다. 대부분은 상호작용에서 다룹니다." },
    { "text": "\n* 레깅스는 인벤토리 관련 능력과 능력치 증가 관련 능력을 사용할 수 있습니다." },
    { "text": "\n* 부츠는 이동과 점프 관련 능력을 사용할 수 있습니다." }
  ]
}
