{
  "title": "상호작용 능력",
  "text": [
    {
      "text": "상호작용 능력은 도구가 블록, 생명체, 허공과 상호작용하는 방식을 변화시킵니다."
    },
    {
      "text": "능력의 특성상, 상호작용 능력은 다른 상호작용 능력들과 자주 충돌합니다.",
      "paragraph": true
    },
    {
      "text": "대부분의 상호작용 능력은 흉갑에 적용하여, 맨손을 통해 사용할 수 있습니다. 상호작용 능력은 아무 손으로나 사용할 수 있습니다.",
      "paragraph": true
    }
  ]
}
