{
  "title": "부산물",
  "text": [
    {
      "text": "용해소는 광석에서 부산물을 얻을 수 있습니다. '다만 네메아, 이 부산물은 대체 뭐죠?'라는 의문이 들 수도 있습니다. 음, 조금만 더 알아볼게요."
    },
    {
      "text": "부산물은 광석 내부에 숨겨진 부가물로서 단순한 화로로는 얻을 수 없습니다.",
      "paragraph": true
    },
    {
      "text": "몇 가지 예: 구리 광석은 부산물로 금을 얻을 수 있고, 코발트 광석은 부산물로 철을 얻을 수 있습니다.",
      "paragraph": true
    }
  ]
}
