{
  "title": "특징",
  "text": [
    { "text": "• 광석 당 조각 6개만큼의 광물을 추가로 획득할 수 있습니다" },
    { "text": "\n• 광석에서 부산물을 추출할 수 있습니다" },
    { "text": "\n• 용해소는 합금을 제작할 수 없으므로 실수로 재료가 혼합되는 것을 방지할 수 있습니다" },
    { "text": "\n• 여러 금속을 넣을 수 있습니다" },
    { "text": "\n• 용량을 늘릴 수 있습니다" },
    { "text": "\n• 작은 제련소보다 훨씬 더 큰 용량을 가지고 있습니다" },
    { "text": "\n• 많은 블록을 한 번에 용해할 수 있습니다" },
    { "text": "\n• 연료의 효율성은 크기에 따라 달라집니다" },
    { "text": "\n• 액체를 대량으로 보관할 수 있습니다" }
  ]
}
