{
  "title": "용해소 GUI 설명",
  "text": [
    {
      "text": "1: 이 슬롯에 녹일 수 있는 아이템이 들어갔다면 아이템이 용해됩니다. 슬롯 수는 용해소의 크기에 따라 달라집니다."
    },
    {
      "text": "2: 여기에는 용해된 물질이 표시됩니다. 녹은 물질을 누르면, 누른 물질이 아래로 내려갑니다. 비어있는 부분을 누르면, 용해소의 용량에 대한 세부 정보가 표시됩니다.",
      "paragraph": true
    },
    {
      "text": "3: 여기는 연료를 확인할 수 있는 곳입니다. 마우스를 대면, 정확한 양과 온도, 액체의 종류가 표시됩니다.",
      "paragraph": true
    }
  ]
}
