{
  "title": "타오른 배출구",
  "item": {
    "id": "tconstruct:scorched_drain"
  },
 "text": [
    {
      "text": "타오른 배출구는 용해소에서 액체를 입력/출력할 수 있습니다. 배출구에 주조용 꼭지를 사용해서 액체를 부을 수 있습니다. 배출구에 양동이, 구리 깡통과 액체로를 사용하여 액체를 넣거나 꺼낼 수 있습니다.",
      "paragraph": true
    },
    {
      "text": "배출될 액체는 배출구의 중앙 부분에 표시됩니다.",
      "paragraph": true
    }
  ]
}
