{
  "title": "구조물 조건",
  "text": [
    {
      "text": "용해소에는 몇 가지 조건이 있습니다. 무조건 크다고, 좋은 것은 아닙니다."
    },
    {
      "text": "용해소에는 유리를 제외한 타오른 블록으로 만들어진 바닥이 있어야 합니다. 타오른 블록은 몇 장을 거쳐 소개할 것입니다! 용해소의 바닥은 직사각형이어야 하며, ㄴ자, 원 모양, 12각형 모양일 수 없습니다.",
      "paragraph": true
    },
    {
      "text": "용해소의 최대 크기는 바깥을 기준으로는 16x16x65블록, 안을 기준으로는 14x14x64블록입니다.",
      "paragraph": true
    },
    {
      "text": "용해소가 제대로 작동하려면 모서리에도 블록이 있어야 합니다.",
      "paragraph": true
    }
  ]
}
