{
  "modifier_id": "tconstruct:projectile_protection",
  "text": [
    {
      "text": "Concede +8% de resistência contra danos vindos de projéteis, como por exemplo flechas e esqueletos. O máximo é de 80% em torno de todo o set, ou seja 10 niveis."
    },
    {
      "text": "Reduz a visibilidade de todos os mobs em 5% por nivel da peça de nivel mais alto.", "paragraph": true
    }
  ],
  "more_text_space": true,
  "effects": [
    "Pode aplicar niveis progressivamente",
    "Requer 1 slot de defesa"
  ]
}
