{
  "title":"특징",
  "text": [
    { "text": "용해소에서는 합금을 할 수 없어서 사용이 간편한 해결책을 개발했습니다." },
    { "text": "\n• 연료 탱크나 가열기가 필요하며, 연료가 좋을수록 더 좋은 합금을 만들 수 있습니다" },
    { "text": "\n• 합금기 주위의 탱크로부터 액체를 받아 사용할 수 있습니다. 주위에 더 많은 탱크를 추가하면 한 번에 더 많은 금속을 합금할 수 있습니다" }
  ]
}
