{
  "title": "합금기 GUI 설명",
  "text": [
    {
      "text": "1: 여기에서는 탱크에 있는 재료가 표시됩니다. 탱크가 많아질수록 칸이 늘어납니다."
    },
    {
      "text": "2: 재료가 합금되면, 여기에 합금된 재료가 표시됩니다.",
      "paragraph": true
    },
    {
      "text": "3: 여기에는 연료가 표시됩니다. 연료의 온도가 높을수록 더 많은 것을 녹이고, 합금할 수 있습니다.",
      "paragraph": true
    }
  ]
}