{
  "modifier_id": "tconstruct:emerald",
  "text": [
    {
      "text": "Grants +50% durability and +5% knockback resistance. Increases the tool's harvest level to iron, and boosts conditional attack damage and mining speed by 25%."
    },
    {
      "text": "Tools and armor will only receive applicable stat boosts, for instance held tools will not receive knockback resistance.",
      "paragraph": true
    }
  ],
  "more_text_space": true,
  "effects": [
    "Maximum of 1 level",
    "Requires 1 upgrade slot"
  ]
}
