{
  "modifier_id": "tconstruct:netherite",
  "text": [
    {
      "text": "Grants +20% durability, +20% attack damage, +25% mining speed, +5% knockback resistance, and +1 armor toughness. Increases the mining level to netherite, and makes the tool invulnerable when dropped."
    },
    {
      "text": "Tools and armor will only receive applicable stat boosts.",
      "paragraph": true
    }
  ],
  "more_text_space": true,
  "effects": [
    "Maximum of 1 level",
    "Requires Diamond or Emerald to be applied",
    "Requires 1 upgrade slot"
  ]
}
