{
  "modifier_id": "tconstruct:tank",
  "text": [
    {
      "text": "Increases the tank capacity of the tool by 1 bucket per level. Useful alongside abilities such as bucketing or melting."
    },
    {
      "text": "Tools with tanks have the ability to be filled and drained by interacting with fluid tank blocks. On armor the piece must be held to fill or empty a tank.",
      "paragraph": true
    }
  ],
  "more_text_space": true,
  "effects": [
    "Maximum of 5 levels",
    "Requires 1 upgrade slot per level"
  ]
}
