{
  "title": "Byproducts",
  "text": [
    {
      "text": "My Fantastic Foundry will give you byproducts from your ores. You may be asking 'But Nemea what are these byproducts?' Well just read a bit further and find out."
    },
    {
      "text": "Byproducts are the hidden extras inside your ores that you would not normally be able to achieve with a simple furnace. A bit of extra material of some other kind that is hidden in the rock.",
      "paragraph": true
    },
    {
      "text": "A couple of examples: copper ore gives gold as a byproduct, and cobalt ore gives iron as a byproduct.",
      "paragraph": true
    }
  ]
}
