[
  {
    "name": "intro",
    "data": "sections/intro.json",
    "icon": {
      "item": "tconstruct:ichor_slime_ball"
    }
  },
   {
    "name": "alloyer",
    "data": "sections/alloyer.json",
    "icon": {
      "item": "tconstruct:scorched_alloyer"
    }
  },
  {
    "name": "foundry",
    "data": "sections/foundry.json",
    "icon": {
      "item": "tconstruct:foundry_controller"
    }
  },
  {
    "name": "blazing_blood",
    "data": "sections/blazing_blood.json",
    "icon": {
      "item": "tconstruct:blazing_blood_bucket"
    }
  },
  {
    "name": "armor",
    "data": "sections/armor.json",
    "icon": {
      "item": {
        "type": "forge:nbt",
        "item": "tconstruct:plate_chestplate",
        "nbt": {
          "tic_broken": false,
          "tic_display": true,
          "Damage": 0
        }
      }
    }
  },
  {
    "name": "tier_four_materials",
    "icon": {
      "item": "tconstruct:manyullyn_ingot"
    }
  }
]
