{
  "modifier_id": "tconstruct:tank",
  "text": [
    {
      "text": "Aumenta a capacidade do tanque da ferramenta em 1 balde por nível. Útil ao lado de habilidades como baldeamento ou fundição."
    },
    {
      "text": "As ferramentas com tanques têm a capacidade de ser enchidas e drenadas pela interação com blocos de tanques de fluido. Na armadura a peça deve ser segurada para encher ou esvaziar um tanque.",
      "paragraph": true
    }
  ],
  "more_text_space": true,
  "effects": [
    "Máximo de 5 niveis",
    "Requer 1 slot de melhoria por nivel"
  ]
}
