{
  "title": "도구 설명",
  "text": [
    { "text": "모든 작은 도구는 팅커 작업대나 팅커스 모루에서 만들 수 있습니다. 2~3개의 부품을 사용하며, 대부분의 작은 도구는 1개의 능력 슬롯과 3개의 강화 슬롯이 있습니다." },
    { "text": "대부분의 도구는 추가 공격 피해가 있습니다. 도구의 추가 공격 피해와 머리의 능력치를 합산하여, 손잡이의 능력치에 곱한 값이 도구의 공격 피해가 됩니다. 또한, 일부 도구에는 공격 수식어가 있습니다. 공격 수식어가 있다면, 일반적인 수식어를 포함한 도구의 공격 피해가 증가합니다. 또, 일부 도구에는 도구 특성이 있습니다. 이 도구 특성은 수식어와 비슷합니다.", "paragraph": true }
  ]
}
