{
  "tool": "tconstruct:mattock",
  "text": [
    { "text": "매톡은 나무와 흙, 자갈, 모래에 효과적인 정밀한 굴착과 벌목 도구입니다." },
    { "text": "확장 수식어가 적용되면, 같은 종류의 주위 블록도 채굴되며, 확장 수식어의 등급에 따라 범위가 달라집니다.", "paragraph": true }
  ],
  "properties": [
    "+1.5 공격 피해",
    "110% 공격 수식어",
    "0.9 공격 속도",
    "110% 채굴 수식어",
    "125% 내구도 수식어",
    "65% 나무 효율",
    "밀치기 I",
    "길 파기"
  ]
}
