{
  "modifier_id": "tconstruct:dual_wielding",
  "text": [
    {
      "text": "Permite que a ferramenta seja usada tanto na mão secundária quanto na mão principal. Ferramentas com o empunhamento duplo tem 80% da velocidade e dano de ataque, ou 90% da velocidade de ataque e 70% de dano para ferramentas empunhadas em 2 mãos."
    },
    {
      "text": "As ferramentas empunhadas em duas mãos precisam primeiro ser recebidas na mão secundária para poder ativar o empunhamento duplo.",
      "paragraph": true
    }
  ],
  "more_text_space": true,
  "effects": [
    "Máximo de 1 nivel",
    "Requer 1 slot de habilidade"
  ]
}
