{
  "tool": "tconstruct:plate_boots",
  "text": [
    { "text": "아무 발에나 맞는 신발은 없습니다. 좀 끼는 것 같지 않으세요?" },
	{
      "text": "네더에 들어가기 전에 발을 보호하기 위한 단단한 부츠가 필요할 거예요! 아무도 그 땅이 얼마나 뜨거울지를 생각하지 않는다고요.", "paragraph": true
    }
  ],
  "properties": [
    "높은 내구도",
    "높은 갑옷",
    "1 강화 슬롯",
    "4 수비 슬롯",
    "1 능력 슬롯"
  ]
}
