{
  "tool": "tconstruct:plate_chestplate",
  "text": [
    { "text": "흉갑을 머리를 갖다 대면, 뒤에서 크리퍼가 터질 때 자신의 심장 박동 소리를 들을 수 있습니다. 왜 그런 짓을 하는지는 모르지만요." },
	{
      "text": "높은 갑옷과 하단 사슬로 인한 유연성을 지니고 있습니다. 이보다 더 멋지고 방어적일 수는 없어요!", "paragraph": true
    }
  ],
  "properties": [
    "높은 내구도",
    "높은 갑옷",
    "1 강화 슬롯",
    "4 수비 슬롯",
    "1 능력 슬롯"
  ]
}
