{
  "modifier_id": "tconstruct:pocket_chain",
  "text": [
    {
      "text": "이 수식어를 적용하면 주머니 수식어를 적용하지 않아도, 도구 허리띠나 방패 띠 수식어만으로 웅크리고 상호작용하여 갑옷 UI를 열 수 있습니다."
    },
    {
      "text": "또한, 도구 허리띠나 방패 띠 모두에 1개의 슬롯을 추가하고, 도구 허리띠로 전체 단축바 교체를 가능하게 합니다.", "paragraph": true
    }
  ],
  "more_text_space": true,
  "effects": [
    "최대 1등급",
    "무슬롯",
    "도구 허리띠나 방패 띠 수식어 필요"
  ]
}
