{
  "modifier_id": "tconstruct:sticky",
  "text": [
    {
      "text": "공격자에게 등급당 25%의 확률로 1.5초 (등급당 1초 증가) 동안 지속하는 속도 감소를 적용합니다. 가장 등급이 높은 갑옷의 효과만을 적용합니다."
    },
    {
      "text": "무기에 적용하면, 적을 공격할 때 속도 감소를 줍니다.", "paragraph": true
    }
  ],
  "more_text_space": true,
  "effects": [
    "최대 3등급",
    "등급당 1개의 강화 슬롯 사용"
  ]
}
