{
  "modifier_id": "tconstruct:melee_protection",
  "text": [
    {
      "text": "Grants +8% resistance against melee damage, such as from zombies, swords, and falling. Caps at 80% across the whole set, or 10 levels."
    },
    {
      "text": "Melee damage is defined as any damage that is not blast, fire, magic, or projectile and is not entirely unblockable.",
      "paragraph": true
    }
  ],
  "more_text_space": true,
  "effects": [
    "Can apply levels incrementally",
    "Requires 1 defense slot"
  ]
}
