{
  "modifier_id": "tconstruct:overslime",
  "text": [
    {
      "text": "슬라임 막 수식어는 도구에 두 번째 내구도를 추가합니다. 슬라임 막은 내구도보다 먼저 사용됩니다. 기본적으로 도구는 최대 슬라임 막은 50이며, 도구의 내구도 수식어에 따라 달라집니다."
    },
    {
      "text": "슬라임 부품이 없는 도구는 공격 피해와 채굴 속도가 10%만큼 감소합니다.",
      "paragraph": true
    }
  ],
  "more_text_space": true,
  "effects": [
    "다중 등급",
    "무슬롯"
  ]
}
