{
  "modifier_id": "tconstruct:emerald",
  "text": [
    {
      "text": "내구도가 50%만큼 증가하고, 우민 추가 공격 피해가 2.5만큼 증가하고, 채굴 등급이 철로 증가하며, 밀치기 저항이 5%만큼 증가합니다. "
    },
    {
      "text": "도구와 갑옷은 각각에 해당하는 능력치 증가만을 받습니다. 예를 들어, 이 수식어가 적용된 도구를 들어도 밀치기 저항이 5%만큼 증가하지 않습니다.",
      "paragraph": true
    }
  ],
  "more_text_space": true,
  "effects": [
    "최대 1등급",
    "1개의 강화 슬롯 사용"
  ]
}
