{
  "modifier_id": "tconstruct:experienced",
  "text": [
    {
      "text": "몬스터를 죽이고, 블록을 부수면서 얻는 경험치가 등급당 50%만큼 증가합니다."
    },
    {
      "text": "흅갑에 적용하면, 맨손으로 몹을 죽일 때에만 추가 경험치가 작동합니다. 레깅스는 모든 도구에 영향을 줍니다.",
      "paragraph": true
    }
  ],
  "more_text_space": true,
  "effects": [
    "최대 5등급",
    "등급당 1개의 강화 슬롯 사용"
  ]
}
