{
  "modifier_id": "tconstruct:magnetic",
  "text": [
    {
      "text": "(갑옷을 착용하면) 자동적으로, 또는 (도구로) 블록을 채굴하거나 몬스터를 공격하면, 중력을 무시하고 플레이어 쪽으로 3블록 내의 아이템을 끌어당깁니다."
    },
    {
      "text": "등급당 범위가 1블록만큼 증가하고, 속도도 같이 증가합니다.",
      "paragraph": true
    }
  ],
  "more_text_space": true,
  "effects": [
    "갑옷당 최대 1등급",
    "최대 5등급",
    "등급당 1개의 강화 슬롯 사용"
  ]
}
