{
  "modifier_id": "tconstruct:netherite",
  "text": [
    {
      "text": "내구도가 20%만큼 증가하고, 공격 피해와 채굴 속도가 10%만큼 증가합니다 채굴 등급이 네더라이트로 증가하며, 밀치기 저항이 5%만큼 증가합니다. 또한, 도구가 떨어져 있어도 안전해집니다."
    },
    {
      "text": "도구와 갑옷은 각각에 해당하는 능력치 증가만을 받습니다.",
      "paragraph": true
    }
  ],
  "more_text_space": true,
  "effects": [
    "최대 1등급",
    "다이아몬드 수식어나 에메랄드 수식어가 필요",
    "1개의 강화 슬롯 사용"
  ]
}
