{
  "modifier_id": "tconstruct:offhanded",
  "text": [
    {
      "text": "주로 사용하지 않는 손에 아이템이 있을 때, 주로 사용하는 손의 상호작용을 사용하지 못하게 합니다. 예를 들어, 도끼와 방패를 들고 있을 때, 도끼에 방지가 적용되어 있다면, 나무를 벗길 수 없습니다. 양손 무기에 적용하면, 효과적인 한손 무기를 만들 수 있습니다."
    },
    {
      "text": "2등급은 상호작용을 완전히 비활성화합니다.", "paragraph": true
   }
  ],
  "more_text_space": true,
  "effects": [
    "최대 2등급",
    "등급마다 다른 아이템 필요",
    "1개의 강화 슬롯 사용"
  ]
}
