{
  "modifier_id": "tconstruct:tank",
  "text": [
    {
      "text": "등급당 공구의 탱크 용량이 주괴 8개(1152 밀리양동이)만큼 증가합니다. 양동이나 용해 같은 능력과 함께 사용할 수 있습니다."
    },
    {
      "text": "탱크가 있는 도구는 탱크 블록과 상호작용하여 액체를 넣고, 빼낼 수 있습니다. 갑옷에 적용하면, 탱크를 채우거나 비울 때 갑옷을 손에 들어야 합니다.",
      "paragraph": true
    }
  ],
  "more_text_space": true,
  "effects": [
    "최대 5등급",
    "등급당 1개의 강화 슬롯 사용"
  ]
}
