{
  "modifier_id": "tconstruct:luck",
  "text": [
    {
      "text": "블록과 몬스터가 아이템을 떨어뜨릴 확률이 증가합니다. 다른 수식어와 달리 운은 등급마다 다른 아이템을 사용해야 합니다. 레깅스에는 다른 아이템이 필요합니다."
    },
    {
      "text": "레깅스에 적용하면, 팅커 도구를 사용할 때 블록과 몬스터가 떨어뜨리는 아이템이 증가합니다. 레깅스에는 최대 1등급까지 적용할 수 있습니다.",
      "paragraph": true
    }
  ],
  "more_text_space": true,
  "effects": [
    "최대 3등급",
    "1등급에서만 1개의 능력 슬롯 사용",
    "2, 3등급은 무슬롯"
  ]
}
