{
  "modifier_id": "tconstruct:bucketing",
  "text": [
    {
      "text": "도구를 사용하면, 액체를 담고 웅크리고 사용하면, 액체를 설치할 수 있습니다. 또한, 공구 탱크 용량이 1000 밀리양동이로 증가하고, 1000 밀리양동이 단위로 반올림합니다."
    },
    {
      "text": "양동이가 있는 도구는 탱크 블록과 상호작용하여 액체를 넣고, 빼낼 수 있습니다.",
      "paragraph": true
    }
  ],
  "more_text_space": true,
  "effects": [
    "최대 1등급",
    "1개의 능력 슬롯 사용"
  ]
}
