{
  "modifier_id": "tconstruct:dual_wielding",
  "text": [
    {
      "text": "양손으로 도구를 사용할 수 있습니다. 주로 사용하지 않는 손에서는 공격 속도과 공격 피해가 80%만큼 감소하고, 양손 도구에서는 공격 속도가 90%만큼 감소하고 공격 피해가 70%만큼 감소합니다."
    },
    {
      "text": "양손 도구에 이중 사용 수식어를 적용하려면 방지 수식어를 먼저 적용해야 합니다.",
      "paragraph": true
    }
  ],
  "more_text_space": true,
  "effects": [
    "최대 1등급",
    "1개의 능력 슬롯 사용"
  ]
}
