{
  "modifier_id": "tconstruct:melting",
  "text": [
    {
      "text": "떨어진 아이템과 공격한 생명체가 도구 탱크에 녹습니다. 또한, 탱크 용량이 주괴 9개(1296 밀리양동이)만큼 증가합니다."
    },
    {
      "text": "용해가 있는 도구는 탱크 블록과 상호작용하여 액체를 넣고, 빼낼 수 있습니다.",
      "paragraph": true
    }
  ],
  "more_text_space": true,
  "effects": [
    "최대 1등급",
    "1개의 능력 슬롯 사용"
  ]
}
