{
  "modifier_id": "tconstruct:spilling",
  "text": [
    {
      "text": "소량의 액체(일반적으로 16~50 밀리양동이)를 배출하여 공격에 특별한 효과를 부여합니다. 또한, 흉갑에 적용하면, 반격에 효과가 적용됩니다."
    },
    {
      "text": "효과에는 발화나 추가 피해, 독 같은 물약 효과, 우유 같은 효과 제거가 있습니다.",
      "paragraph": true
    }
  ],
  "more_text_space": true,
  "effects": [
    "최대 1등급",
    "1개의 능력 슬롯 사용"
  ]
}
