{
  "title": "Informações sobre Ferramentas",
  "text": [
    { "text": "Todas as ferramentas grandes requerem a Bigorna Tinker para serem fabricadas, assim como para substituir suas peças, A maioria delas requerem 4 peças de ferramentas, e começam apenas com 2 slots de melhorias e 1 slot de habilidade" },
    { "text": "Ferramentas grandes possuem bônus de ataque e modificadores da mesma forma que as ferramentas pequenas, e possuem muito mais atributos. Um adendo, muitas ferramentas tem uma durabilidade ou um modificador de velocidade de mineração que agem de forma similar com um modificador de ataque, afetando tanto o status base como os status bônus provenientes de modificadores. Finalmente, todas as ferramentas grandes possuem o atributo \"empunhamento duplo\" , o que impede o uso da mão secundária, a menos que um modificador de mão secundária seja aplicado.", "paragraph": true }
  ]
}
