{
  "tool": "tconstruct:slime_boots",
  "text": [
    { "text": "슬라임부츠는 수비 슬롯이 없고, 강화 슬롯이 많은 유동적인 부츠입니다." },
    { "text": "토끼발에 엔더슬라임을 부으면 슬라임부츠를 만들 수 있습니다. 슬라임부츠는 토끼 가죽을 사용하여 수리할 수 있습니다.", "paragraph": true }
  ],
  "properties": [
    "546 내구도",
    "5 강화 슬롯",
    "0 수비 슬롯",
    "1 능력 슬롯",
    "반동",
    "도약 I"
  ]
}
