{
  "tool": "tconstruct:slime_leggings",
  "text": [
    { "text": "슬라임외피는 셜커의 힘을 활용하여, 많은 인벤토리와 강력한 방어력을 지닙니다." },
    { "text": "셜커 껍데기에 엔더슬라임을 부으면 슬라임외피를 만들 수 있습니다. 슬라임외피는 튀긴 후렴과를 사용하여 수리할 수 있습니다.", "paragraph": true }
  ],
  "properties": [
    "630 내구도",
    "5 강화 슬롯",
    "0 수비 슬롯",
    "1 능력 슬롯",
    "보호 III"
  ]
}
