{
  "tool": "tconstruct:slime_helmet",
  "text": [
    { "text": "슬라임머리는 몬스터로부터 능력을 복제하는 투구입니다. 몬스터의 머리에 엔더슬라임을 부으면 만들 수 있으며, 머리의 종류에 따라 효과가 변경됩니다." },
    { "text": "이 책의 슬라임머리 목차에 머리에 따른 효과에 대한 자세한 정보가 나와 있습니다.", "paragraph": true }
  ],
  "properties": [
    "+362 추가 내구도",
    "5 강화 슬롯",
    "0 수비 슬롯",
    "1 능력 슬롯"
  ]
}
