{
  "title": "Armor Abilities",
  "text": [
    { "text": "Armor abilities are typically effective on a single type of armor. Each type of armor has a different special attribute:" },
    { "text": "\n- Helmets can be controlled using a keybinding for special effects." },
    { "text": "\n- Chestplates can receive interaction abilities that are used when hands are empty. Most are covered in the interaction section." },
    { "text": "\n- Leggings have inventory based abilities and passive boosts to the player." },
    { "text": "\n- Boots provide movement and jump based abilities." }
  ]
}
