{
  "title": "글에 앞서",
  "text": [
    {
      "text": "도구를 제작하기 위해 재료를 찾는 도중에, 몇몇 작가들이 부분적으로 만든 재료 목록은 있지만 모든 재료가 전부 적혀있는 책은 없다는 것을 깨달았습니다. 즉, 여러 재료를 비교하면서 읽기에는 어려움이 있다는 것입니다. 이 문제를 해결하기 위해 여러 자료를 모아서 하나의 책으로 만들었습니다."
    },
    {
      "text": "저 혼자서는 이렇게 훌륭한 책을 만들 수 없었을 것입니다. 이 책에는 트루얼 므곤과 네메아의 자료가 포함되어 있습니다.",
      "paragraph": true
    }
  ]
}
