{
  "modifier_id": "tconstruct:emerald",
  "text": [
    {
      "text": "Concede +50% de durabilidade e +5% de resistência contra repulsão. Aumenta o nivel de coleta da ferramenta para o nivel do ferro, e aumenta em 25% os danos de ataque condicional e a velocidade de mineração."
    },
    {
      "text": "Ferramentas e armaduras irão receber somente status aplicáveis, por exemplo, ferramentas mantidas na mão não receberam resistência a repulsão.",
      "paragraph": true
    }
  ],
  "more_text_space": true,
  "effects": [
    "Máximo de 1 nivel",
    "Requer 1 slot de melhoria"
  ]
}
