{
  "modifier_id": "tconstruct:magnetic",
  "text": [
    {
      "text": "Depois de minerar blocos ou atacar mobs (para ferramentas) ou passivamente (para armaduras), puxa os itens dentro de 3 blocos em direção ao jogador, ignorando a gravidade."
    },
    {
      "text": "Cada nivel aumenta em 1 a distância de blocos, e aumenta a velocidade.",
      "paragraph": true
    }
  ],
  "more_text_space": true,
  "effects": [
    "Máximo de 1 nivel por peça de armadura",
    "Máximo de 5 niveis",
    "Requer 1 slot de melhoria por nivel"
  ]
}
