{
  "modifier_id": "tconstruct:offhanded",
  "text": [
    {
      "text": "Evita o uso da habilidade de interação da mão principal, caso a mão secundária esteja ocupada. Por exemplo, um machado não irá descascar a madeira se um escudo estiver na mão secundária. Em ferramentas de duas mãos, isto o torna efetivamente de uma mão só."
    },
    {
      "text": "O segundo nível desabilita totalmente a capacidade de interação da ferramenta.", "paragraph": true
    }
  ],
  "more_text_space": true,
  "effects": [
    "Máximo de 2 niveis",
    "Receitas diferentes para cada nivel",
    "Requer 1 slot de melhoria"
  ]
}
