{
  "title": "운반",
  "image": {
    "file": "tconstruct:book/images/carry_blaze.png",
    "width": 128,
    "height": 73
  },
  "text": [
    {
      "text": "\"하지만 네메아, 어떻게 해야 블레이즈를 제련소에 넣을 수 있나요?\" 그 괴짜 멜빈이라면, \"화염 저항의 물약을 마시고 운반용 돼지 배낭을 사용하거나 이코르 새총을 사용해 봐.\"라고 말할지도 모르겠네요. 바삭바삭하게 구워지고 싶다면 시도해 보는 것도 괜찮을 것 같아요.",
      "paragraph": true
    }
  ]
}
