{
  "title": "용해소",
  "image": {
    "file": "tconstruct:book/images/blaze_smeltery.png",
    "width": 128,
    "height": 73
  },
  "text": [
    {
      "text": "진짜 팅커 장인이라면, 용해소에 블레이즈를 집어 넣고, 연료로 만들 것입니다. 블레이즈를 넣고, 용해소에 연료를 넣기만 하면, 블레이즈를 흡수할 수 있습니다. 열등한 제련소로도 할 수 있겠지만, 누가 제련소를 사용하고 싶어 하겠어요?",
      "paragraph": true
    }
  ]
}
