{
  "modifier_id": "tconstruct:blasting",
  "text": [
    {
      "text": "블록의 폭발 저항에 따라 등급당 채굴 속도가 최대 10까지 증가합니다. 예를 들어, 돌 같은 블록에서는 등급당 채굴 속도가 1만큼 증가하고 테라코타 같은 블록에서는 등급당 채굴 속도가 3만큼 증가하고, 광석 같은 폭발에 약한 블록에서는 등급당 채굴 속도가 9만큼 증가합니다."
    }
  ],
  "more_text_space": true,
  "effects": [
    "분할 적용",
    "최대 5등급",
    "등급당 1개의 강화 슬롯 사용"
  ]
}
