{
  "modifier_id": "tconstruct:bane_of_sssss",
  "text": [
    {
      "text": "등급당 절지동물과 크리퍼에게 주는 공격 피해가 2.5만큼 증가합니다."
    },
    {
      "text": "또한, 절지동물과 크리퍼에게 속도 감소 IV를 1초 동안 적용합니다. 등급당 지속 시간이 0.5만큼 증가합니다.",
      "paragraph": true
    }
  ],
  "more_text_space": true,
  "effects": [
    "분할 적용",
    "최대 5등급",
    "등급당 1개의 강화 슬롯 사용"
  ]
}
