{
  "modifier_id": "tconstruct:sticky",
  "text": [
    {
      "text": "적에게 1.5초 (등급당 1초 증가) 동안 지속하는 속도 감소를 줍니다."
    },
    {
      "text": "맨손 수식어가 적용된 흉갑에 적용하면, 공격으로 속도 감소를 줄 수 있습니다. 그 이외의 갑옷에 적용하면, 다른 효과가 나타납니다.", "paragraph": true
    }
  ],
  "more_text_space": true,
  "effects": [
    "최대 3등급",
    "등급당 1개의 강화 슬롯 사용"
  ]
}