[
  {
    "name": "group_general",
    "type": "mantle:text",
    "data": "abilities/general.json"
  },
  {
    "type": "tconstruct:modifier",
    "data": "abilities/general/gilded.json"
  },
  {
    "type": "tconstruct:modifier",
    "data": "abilities/general/luck.json"
  },
  {
    "type": "tconstruct:modifier",
    "data": "abilities/general/reach.json"
  },
  {
    "type": "tconstruct:modifier",
    "data": "abilities/general/unbreakable.json"
  },

  {
    "name": "group_weapon",
    "type": "mantle:text",
    "data": "abilities/weapon.json"
  },
  {
    "type": "tconstruct:modifier",
    "data": "abilities/weapon/dual_wielding.json"
  },
  {
    "type": "tconstruct:modifier",
    "data": "abilities/weapon/melting.json"
  },
  {
    "type": "tconstruct:modifier",
    "data": "abilities/weapon/spilling.json"
  },

  {
    "name": "group_harvest",
    "type": "mantle:text",
    "data": "abilities/harvest.json"
  },
  {
    "type": "tconstruct:modifier",
    "data": "abilities/harvest/autosmelt.json"
  },
  {
    "type": "tconstruct:modifier",
    "data": "abilities/harvest/exchanging.json"
  },
  {
    "type": "tconstruct:modifier",
    "data": "abilities/harvest/expanded.json"
  },
  {
    "type": "tconstruct:modifier",
    "data": "abilities/harvest/silky.json"
  },

  {
    "name": "group_interact",
    "type": "mantle:text",
    "data": "abilities/interact.json"
  },
  {
    "type": "tconstruct:modifier",
    "data": "abilities/interact/bucketing.json"
  },
  {
    "type": "tconstruct:modifier",
    "data": "abilities/interact/firestarter.json"
  },
  {
    "type": "tconstruct:modifier",
    "data": "abilities/interact/glowing.json"
  },
  {
    "type": "tconstruct:modifier",
    "data": "abilities/interact/pathing.json"
  },
  {
    "type": "tconstruct:modifier",
    "data": "abilities/interact/stripping.json"
  },
  {
    "type": "tconstruct:modifier",
    "data": "abilities/interact/tilling.json"
  },

  {
    "name": "group_armor",
    "type": "mantle:text",
    "data": "abilities/armor.json"
  },
  {
    "type": "tconstruct:modifier",
    "data": "abilities/armor/aqua_affinity.json"
  },
  {
    "type": "tconstruct:modifier",
    "data": "abilities/armor/bouncy.json"
  },
  {
    "type": "tconstruct:modifier",
    "data": "abilities/armor/double_jump.json"
  },
  {
    "type": "tconstruct:modifier",
    "data": "abilities/armor/flamewake.json"
  },
  {
    "type": "tconstruct:modifier",
    "data": "abilities/armor/frost_walker.json"
  },
  {
    "type": "tconstruct:modifier",
    "data": "abilities/armor/path_maker.json"
  },
  {
    "type": "tconstruct:modifier",
    "data": "abilities/armor/plowing.json"
  },
  {
    "type": "tconstruct:modifier",
    "data": "abilities/armor/pockets.json"
  },
  {
    "type": "tconstruct:modifier",
    "data": "abilities/armor/shield_strap.json"
  },
  {
    "type": "tconstruct:modifier",
    "data": "abilities/armor/slurping.json"
  },
  {
    "type": "tconstruct:modifier",
    "data": "abilities/armor/snowdrift.json"
  },
  {
    "type": "tconstruct:modifier",
    "data": "abilities/armor/strength.json"
  },
  {
    "type": "tconstruct:modifier",
    "data": "abilities/weapon/spilling.json"
  },
  {
    "type": "tconstruct:modifier",
    "data": "abilities/armor/tool_belt.json"
  },
  {
    "name": "unarmed",
    "type": "tconstruct:modifier",
    "data": "abilities/armor/unarmed_attack.json"
  },
  {
    "type": "tconstruct:modifier",
    "data": "abilities/armor/zoom.json"
  }
]
