[
  {
    "name": "info",
    "type": "mantle:text",
    "data": "large_tools/info.json"
  },
  {
    "name": "cleaver",
    "type": "tconstruct:tool",
    "data": "large_tools/cleaver.json"
  },
  {
    "name": "broad_axe",
    "type": "tconstruct:tool",
    "data": "large_tools/broad_axe.json"
  },
  {
    "name": "scythe",
    "type": "tconstruct:tool",
    "data": "large_tools/scythe.json"
  },
  {
    "name": "excavator",
    "type": "tconstruct:tool",
    "data": "large_tools/excavator.json"
  },
  
  {
    "name": "sledge_hammer",
    "type": "tconstruct:tool",
    "data": "large_tools/sledge_hammer.json"
  },
  {
    "name": "vein_hammer",
    "type": "tconstruct:tool",
    "data": "large_tools/vein_hammer.json"
  }
]
