[
  {
    "name": "group_general",
    "type": "mantle:text",
    "data": "slotless/general.json"
  },
  {
    "type": "tconstruct:modifier",
    "data": "slotless/general/dyed.json"
  },
  {
    "type": "tconstruct:modifier",
    "data": "slotless/general/embellishment.json"
  },
  {
    "type": "tconstruct:modifier",
    "data": "slotless/general/farsighted.json"
  },
  {
    "type": "tconstruct:modifier",
    "data": "slotless/general/nearsighted.json"
  },
   {
    "type": "tconstruct:modifier",
    "data": "slotless/general/overslime.json"
  },
  {
    "type": "tconstruct:modifier",
    "data": "slotless/general/shiny.json"
  },
  {
    "type": "tconstruct:modifier",
    "data": "slotless/general/worldbound.json"
  },

  {
    "name": "group_bonus",
    "type": "mantle:text",
    "data": "slotless/bonus.json"
  },
  {
    "type": "tconstruct:modifier",
    "data": "slotless/bonus/draconic.json"
  },
  {
    "type": "tconstruct:modifier",
    "data": "slotless/bonus/harmonious.json"
  },
  {
    "type": "tconstruct:modifier",
    "data": "slotless/bonus/recapitated.json"
  },
  {
    "type": "tconstruct:modifier",
    "data": "slotless/bonus/resurrected.json"
  },
  {
    "type": "tconstruct:modifier",
    "data": "slotless/bonus/writable.json"
  }
]
