[
  {
    "name": "info",
    "type": "mantle:text",
    "data": "small_tools/info.json"
  },
  {
    "name": "sword",
    "type": "tconstruct:tool",
    "data": "small_tools/sword.json"
  },
  {
    "name": "dagger",
    "type": "tconstruct:tool",
    "data": "small_tools/dagger.json"
  },
  {
    "name": "axe",
    "type": "tconstruct:tool",
    "data": "small_tools/hand_axe.json"
  },
  {
    "name": "kama",
    "type": "tconstruct:tool",
    "data": "small_tools/kama.json"
  },
  {
    "name": "mattock",
    "type": "tconstruct:tool",
    "data": "small_tools/mattock.json"
  },
  {
    "name": "pickadze",
    "type": "tconstruct:tool",
    "data": "small_tools/pickadze.json"
  },
  {
    "name": "pickaxe",
    "type": "tconstruct:tool",
    "data": "small_tools/pickaxe.json"
  },
  {
    "name": "flint_and_brick",
    "type": "tconstruct:tool",
    "data": "small_tools/flint_and_brick.json"
  }
]
